<?xml version="1.0" encoding="UTF-8"?>
<jcr:root xmlns:dam="http://www.day.com/dam/1.0" xmlns:cq="http://www.day.com/jcr/cq/1.0" xmlns:jcr="http://www.jcp.org/jcr/1.0" xmlns:mix="http://www.jcp.org/jcr/mix/1.0" xmlns:nt="http://www.jcp.org/jcr/nt/1.0"
    jcr:isCheckedOut="{Boolean}true"
    jcr:mixinTypes="[mix:referenceable,mix:versionable]"
    jcr:primaryType="dam:Asset"
    jcr:uuid="01f810ea-b704-43f6-88c5-cd5145ef1424">
    <jcr:content
        cq:lastModified="{Date}2019-10-21T10:57:08.319-06:00"
        cq:lastModifiedBy="translation-job-service"
        cq:lastTranslationUpdate="{Date}2019-10-21T10:57:08.319-06:00"
        cq:name="banner-1"
        cq:parentPath="/content/dam/bayer/banners/pt"
        cq:translationSourcePath="/content/dam/bayer/banners/en/banner-1"
        dam:relativePath="bayer/banners/en/banner-1"
        jcr:lastModified="{Date}2019-10-21T21:26:33.791-05:00"
        jcr:lastModifiedBy="admin"
        jcr:primaryType="dam:AssetContent"
        jcr:title="Banner 1"
        contentFragment="{Boolean}true"
        lastFragmentSave="{Date}2019-10-21T21:26:33.792-05:00">
        <data
            cq:model="/conf/bayer/settings/dam/cfm/models/banner"
            jcr:primaryType="nt:unstructured">
            <master
                jcr:mixinTypes="[cq:Taggable]"
                jcr:primaryType="nt:unstructured"
                blurb=" Um monte de texto Um monte de texto Um monte de texto Um monte de texto"
                blurb_x0040_LastModified="{Date}2019-10-21T21:26:33.775-05:00"
                header=" Texto do cabeçalho para um banner"
                header_x0040_LastModified="{Date}2019-10-21T21:26:33.775-05:00"
                image="/content/dam/wknd/en/los-angeles/article_01_hero.png"
                image_x0040_LastModified="{Date}2019-10-21T21:26:33.775-05:00"/>
            <portugese
                jcr:mixinTypes="[cq:Taggable]"
                jcr:primaryType="nt:unstructured"
                blurb="Porto"
                blurb_x0040_LastModified="{Date}2019-10-16T13:33:54.936-06:00"
                header="Porto"
                header_x0040_LastModified="{Date}2019-10-16T13:33:54.935-06:00"
                image="/content/dam/wknd/en/los-angeles/article_01_hero.png"
                image_x0040_LastModified="{Date}2019-10-16T13:33:54.936-06:00"/>
        </data>
        <metadata
            jcr:mixinTypes="[cq:Taggable]"
            jcr:primaryType="nt:unstructured"/>
        <model jcr:primaryType="nt:unstructured">
            <variations jcr:primaryType="nt:unstructured">
                <portugese
                    jcr:description=""
                    jcr:mixinTypes="[cq:Taggable]"
                    jcr:primaryType="nt:unstructured"
                    jcr:title="Portugese"
                    name="portugese">
                    <properties
                        jcr:primaryType="nt:unstructured"
                        synchronizeWithVersion="[header:7d1e6c5e-af87-4051-9862-a9b166788ed1,blurb:7d1e6c5e-af87-4051-9862-a9b166788ed1,image:7d1e6c5e-af87-4051-9862-a9b166788ed1]"/>
                </portugese>
            </variations>
        </model>
        <related jcr:primaryType="nt:unstructured"/>
    </jcr:content>
</jcr:root>
