<?xml version="1.0" encoding="UTF-8"?>
<jcr:root xmlns:sling="http://sling.apache.org/jcr/sling/1.0" xmlns:cq="http://www.day.com/jcr/cq/1.0" xmlns:jcr="http://www.jcp.org/jcr/1.0" xmlns:mix="http://www.jcp.org/jcr/mix/1.0" xmlns:nt="http://www.jcp.org/jcr/nt/1.0" xmlns:rep="internal"
    jcr:lastModified="{Date}2019-10-21T10:57:08.477-06:00"
    jcr:lastModifiedBy="translation-job-service"
    jcr:mixinTypes="[cq:Project,mix:created,mix:lastModified,rep:AccessControllable]"
    jcr:primaryType="nt:unstructured"
    sling:resourceType="cq/gui/components/projects/admin/card/projectcard"
    initiatorUserId="admin"
    role_editor="projects-banner_translation__pt_-editor"
    role_observer="projects-banner_translation__pt_"
    role_owner="projects-banner_translation__pt_-owner"
    role_translationproducer="projects-banner_translation__pt_-translationproducer"
    role_translationprojectmanager="projects-banner_translation__pt_-translationprojectmanager"
    role_translationreviewer="projects-banner_translation__pt_-translationreviewer">
    <jcr:content
        cq:conf="/conf/bayer"
        cq:template="/libs/cq/core/content/projects/templates/translation-project"
        jcr:description="Machine Translation, Microsoft"
        jcr:primaryType="nt:unstructured"
        jcr:title="Banner Translation [PT] [PT]"
        sling:resourceType="cq/gui/components/projects/admin/card/projectcontent"
        active="{Boolean}true"
        contentCategory="general"
        coverUrl="/content/dam/projects/banner_translation/banner_translation__pt_/cover"
        damFolderPath="/content/dam/projects/banner_translation/banner_translation__pt_"
        destinationLanguage="pt"
        detailsHref="/projects/details.html"
        DRAFT="{Long}1"
        isMultiLanguage="{Boolean}true"
        sourceLanguage="en"
        translationAutomaticDeleteLaunchEnable="{Boolean}true"
        translationAutomaticPromoteLaunchEnable="{Boolean}true"
        translationCloudConfigName=""
        translationCloudConfigPath=""
        translationMethod="MACHINE_TRANSLATION"
        translationProjectAutoCreated="{Boolean}true"
        translationProvider="microsoft">
        <links jcr:primaryType="nt:unstructured"/>
        <dashboard jcr:primaryType="nt:unstructured">
            <gadgets jcr:primaryType="nt:unstructured">
                <team
                    jcr:primaryType="nt:unstructured"
                    jcr:title="Team"
                    sling:resourceType="cq/gui/components/projects/admin/pod/teampod"
                    cardWeight="60"/>
                <tasks
                    jcr:primaryType="nt:unstructured"
                    jcr:title="Tasks"
                    sling:resourceType="cq/gui/components/projects/admin/pod/taskpod"
                    cardWeight="70"/>
                <translationjob
                    jcr:primaryType="nt:unstructured"
                    jcr:title="Translation Job"
                    sling:resourceType="cq/gui/components/projects/admin/pod/translationjobpod"
                    assetTagTranslation="{Boolean}true"
                    autoExecuteTranslationWorkflow="{Boolean}false"
                    cardWeight="90"
                    destinationLanguage="pt"
                    gadgetSortOrder="{Long}1"
                    pageTagTranslation="{Boolean}true"
                    translationStatus="DRAFT">
                    <child_pages jcr:primaryType="nt:unstructured">
                        <banner1
                            jcr:primaryType="nt:unstructured"
                            jcr:title="banner-1"
                            sling:resourceType="cq/gui/components/projects/admin/card/translation_object"
                            addedDirectly="{Boolean}true"
                            fileUniqueID="df37acbe-8b54-4d0b-8203-cde0584646ce"
                            independentObject="{Boolean}true"
                            isEmbedded="{Boolean}false"
                            mimeType="text/xml"
                            name="banner-1"
                            related_references="[]"
                            sourcePath="/content/dam/bayer/banners/pt/banner-1"
                            translationFileType="CONTENTFRAGMENT"
                            translationStatus="DRAFT"/>
                        <tagmetadata
                            jcr:primaryType="nt:unstructured"
                            jcr:title="TAGMETADATA"
                            sling:resourceType="cq/gui/components/projects/admin/card/translation_object"
                            addedDirectly="{Boolean}true"
                            fileUniqueID="ea2e596e-2aba-46f4-8970-3ef6e8f912d4"
                            independentObject="{Boolean}true"
                            mimeType="text/xml"
                            translationFileType="TAGMETADATA"
                            translationStatus="DRAFT"/>
                    </child_pages>
                </translationjob>
                <translationprojectsummarypod
                    jcr:primaryType="nt:unstructured"
                    jcr:title="Translation Project Summary"
                    sling:resourceType="cq/gui/components/projects/admin/pod/translationprojectsummarypod"
                    cardWeight="100"
                    gadgetSortOrder="{Long}10"/>
            </gadgets>
        </dashboard>
    </jcr:content>
    <rep:policy/>
</jcr:root>
